Legajo,Nombre,Sueldo
1,Antonietta,Roggers
2,Madelene,Steward
3,Kerry,Baggs
4,Donielle,Caramuscia
5,Forbes,Jodlowski
6,Benjy,Imorts
7,Robby,Hazart
8,Chrissie,Guidini
9,Lidia,Killough
10,Quintin,Cushe
11,Laney,Levitt
12,Sondra,Lauthian
13,Elyn,Roderighi
14,Roderic,Crippell
15,Richart,Parmeter
16,Gertrudis,Goodright
17,Drucy,Bompas
18,Willi,Heys
19,Robena,Tonbye
20,Elene,Eady
21,Gray,Haggett
22,Wenona,Cinnamond
23,Meredith,MacAdam
24,Hailey,Loutheane
25,Waiter,Kirtland
26,Tomaso,Miner
27,Fidole,Dolan
28,Korry,Sapp
29,Nichol,Ede
30,Ulrick,Paynton
31,Keenan,Greenroad
32,Lombard,Rihanek
33,Lacee,Buckerfield
34,Clyde,Ranson
35,Craggie,Le - Count
36,Allegra,Burnhard
37,Xaviera,Chastney
38,Sibelle,Moppett
39,Findley,Hews
40,Julia,Sharpley
41,Batholomew,Ardron
42,Edita,Trimme
43,Christy,Rodder
44,Tyrus,Gooderson
45,Hally,Agus
46,Mack,McEnteggart
47,Helli,Cummins
48,Mechelle,Kynaston
49,Erv,Langmead
50,Aidan,Cowndley
